item,itemLabel,startDate,endDate,psid
Q1371514,Howard Cooke,1989-01-01,1993-01-01,Q1371514-8409F167-D089-4032-A143-A415A27F7EAB
Q16196277,Stanley Redwood,2012-01-18,2013-05-10,Q16196277-C920C96B-572F-49C2-BC91-E3DBD6063211
Q16205164,Floyd Morris,2013-01-01,2016-01-01,Q16205164-F2606C4B-B285-4100-88B6-A27B53F7DDEB
Q16730418,Winston V. Jones,1993-01-01,1995-01-01,Q16730418-06D7741B-B3A7-404E-9C47-DA8F72BAC0D9
Q16751168,Tom Tavares-Finson,2016-03-10,,Q16751168-13659852-0CB3-4006-9BDB-0C8922A29898
Q339040,Clifford Campbell,1962-08-31,1962-11-30,Q339040-76DFEE4E-B2C4-4DE6-AC35-6E11CB26325C
Q4730622,Allan George Richard Byfield,1972-03-21,1980-01-01,Q4730622-EFA2570B-CEF6-4B3C-BB62-7D14F3BFC589
Q5544258,George Samuel Ranglin,1962-12-07,1972-01-01,Q5544258-83E725D2-0852-4B26-A740-27A693E35111
Q6171904,Jeanette Rose Grant-Woodham,1984-08-21,1986-01-01,Q6171904-B4C4A062-A174-4333-85A4-7CB77BD65CC3
Q7108124,Oswald Harding,1980-11-18,1984-01-01,Q7108124-44CEAB3C-55F2-4371-BA1A-BD1968EA0D2F
Q7108124,Oswald Harding,2007-09-27,2011-12-12,Q7108124-70FEF042-08EE-4EEC-8155-401531F1E43D
Q7663345,Syringa Marshall-Burnett,1995-01-01,2007-01-01,Q7663345-B4931F7E-FA33-498C-9B45-CC7F3254BC3A
